Date,XLP,XLY,XLE,XLF,XLV,XLI,XLK,XLU
1/7/2000,24.375,30.5625,28.0781,18.7018,29.7969,29.375,51,27.4844
1/14/2000,24.1563,30.1406,28.0625,19.425,32.0938,29,52.875,26.9688
1/21/2000,23.3281,28.8906,29.0938,18.1435,31.9375,28.3281,53.625,27.875
1/28/2000,22.8125,27,26.6875,18.2196,30.25,27,48.9375,26.4219
2/4/2000,22.7188,28.0625,26.3125,18.3338,31.6406,27.1094,54.125,27.1094
2/11/2000,21.5781,26.9844,25.7188,17.4584,30.6563,25.4688,54.375,26.2344
2/18/2000,21.2813,25,26.5156,16.4434,28.2031,25.7969,53.625,24.9844
2/25/2000,20.2031,24.2813,24.8125,16.0881,27.3438,25.3281,55.2813,23.4375
3/3/2000,20.2656,25.8281,26.875,17.0016,28.6406,26.3438,58.5781,26.2344
3/10/2000,19.5781,24.9688,27.75,16.2784,27.8281,25.7813,59.75,25.5781
3/17/2000,21.0938,28.2656,27.7813,18.816,29.3125,27.5938,59.875,26.6406
3/24/2000,20.5781,28.3594,28.0313,20.1989,31.2188,29.0469,63.9844,25.9375
3/31/2000,21.2188,29.2656,29.3125,19.7041,30.6719,29.2031,60.5625,26.7344
4/7/2000,21.8125,30.125,28.8594,19.4884,30.7656,29.5781,60.5625,27.7344
4/14/2000,21.7344,28,28.5,18.245,27.7188,27.5938,49.5,27.625
4/21/2000,22.75,29.2188,28.6094,19.2347,29.5938,28.7188,52.875,27.625
4/28/2000,22.3438,28.6563,28.875,19.8944,30.3125,29.625,55,28.4844
5/5/2000,23.2188,27.8281,30.0625,18.7525,28.8438,29.5625,53.4219,27.5625
5/12/2000,23.3125,28.6875,31.6094,19.3362,29.125,30.0938,50.125,28.1563
5/19/2000,23.9844,28.1406,31.8125,19.6407,28.8438,29.6875,48.5625,27.8438
5/26/2000,24.3125,26.2813,30.8906,19.6914,28.0313,28.7813,47.1875,28.0625
6/2/2000,23.1719,28.0625,30.875,21.8737,30.0313,29.9531,53.8438,28.5313
6/9/2000,23.7344,26.3125,31.1719,20.5034,29.8125,29.1875,54.125,29.1719
6/16/2000,24.2188,25.8438,31.75,19.4884,30.125,28.9844,54.375,28.8438
6/23/2000,24.0625,25.125,31.4219,19.4377,29.5,27.5938,53.8281,29
6/30/2000,25.2344,25.5938,30.3438,19.2854,29.5625,28.2813,54.1875,27.25
7/7/2000,25.2031,27.7188,29.7031,20.3512,29.875,28.4688,54.5,28.6406
7/14/2000,24.2813,28.2188,30,20.9348,30.4063,29.6875,56.9375,28.2344
7/21/2000,24.125,27.625,28.9375,20.9602,29.4688,30,54.9375,28
7/28/2000,24.5781,26.5313,29.375,20.6303,28.8438,28.2813,50.2813,27.5938
8/4/2000,25.0625,26.1406,30,22.4954,30.2656,29.2188,51.4688,28.6406
8/11/2000,24.4375,26.75,31.25,22.6223,30.0938,30.875,51.875,28.2969
8/18/2000,24.2813,26.1563,32.375,22.3559,30.125,30.7188,54.1875,28.0313
8/25/2000,24.5313,26.1094,32.625,22.1402,30.2969,31.4063,55.2969,28
9/1/2000,23.875,25.4219,32.7031,22.7365,30.125,31.8438,56.5625,29.0938
9/8/2000,23.7031,26.3281,32.875,23.5231,29.1875,31.4375,53,30.5
9/15/2000,23.625,26.3594,33.9375,23.2567,29.1563,30.375,50.7656,30.5313
9/22/2000,24.9375,25.6406,31.9844,22.8126,28.375,29.7188,49.25,30.2813
9/29/2000,24.9844,24.8906,32.7656,23.5485,29.0625,30.5625,46.375,32.2813
10/6/2000,25.1719,24.0156,32.25,22.7872,29.3438,30.25,44.4219,32.1875
10/13/2000,25.2344,22.3125,33,21.62,28.0156,29.7188,43.4375,31.6563
10/20/2000,25.5,23,33.0625,22.0513,27.6875,29.4375,45.2813,31.6719
10/27/2000,26.2031,22.9531,31.125,22.3432,28.2969,29.8281,42.3594,32.625
11/3/2000,26.3438,24.6406,31.625,23.2947,29.8594,30.9688,44.3125,33.8125
11/10/2000,27.3594,22.9219,32.0625,23.0283,28.4531,30.6563,38.75,34.125
11/17/2000,27,24.2188,32.4844,22.1782,28.125,30.7813,40,33.5313
11/24/2000,27,23.3438,33,21.2013,27.1719,30.7188,38.625,33.7188
12/1/2000,27.2344,24,30.875,22.026,27,30.4531,35.2031,33.4844
12/8/2000,27.2813,25.2656,30.9844,23.447,28.1406,32.2344,37.6875,33.3438
12/15/2000,27.2188,23.7188,30.7969,22.5208,27.6875,30.25,34.6875,33.625
12/22/2000,27.5,24.5,32,23.4343,26.9531,30.1563,32.7344,32.1719
12/29/2000,28.5625,25.5938,33.1875,23.9545,27.25,31.25,31.3125,33.1875
1/5/2001,26,27.0313,31.9219,23.5993,28.25,30.5,32.5,31.1875
1/12/2001,25.75,26.8438,31.5156,22.9522,29.4375,30.9063,35.0313,31.2188
1/19/2001,25.8125,25.625,30.6094,22.8887,29.1406,31.0313,38.0781,31.25
1/26/2001,26.3281,27.0625,31.7813,23.9672,28.9844,30.6719,37.375,31.125
2/2/2001,26.88,27.99,32.25,23.9951,29.26,30.86,35.64,31.35
2/9/2001,27.17,26.75,33.92,23.6622,29.25,30.12,32.62,32.02
2/16/2001,26.63,27.24,33.02,23.5891,29.19,30.08,31.99,32.01
2/23/2001,26.28,26.43,32.04,22.095,28.38,29.5,29.33,31.94
3/2/2001,26.64,26.3,32.83,22.3467,28.61,29.45,27.8,31.7
3/9/2001,26.21,27.5,34.07,22.3305,28.59,30.15,27.15,31.48
3/16/2001,24.31,25.5,31.45,21.0719,27.07,27.01,25.44,30.1
3/23/2001,23.71,25.18,30.53,20.4304,25.8,26.09,26.8,28.95
3/30/2001,24.72,26.09,30.7,21.5509,26.82,26.59,24.8,31.29
4/6/2001,24.42,25.98,30.64,20.6821,26.59,26.36,23.35,30.57
4/13/2001,24.45,25.27,31.66,21.6159,27.1,27.85,26.54,31.44
4/20/2001,24.38,27.11,32.06,22.2818,28.98,29.38,30,31.68
4/27/2001,25.06,27.79,33.87,22.6959,28.8,29.94,28.37,32.77
5/4/2001,25.42,27.75,32.69,22.9801,28.86,29.92,29.55,32.6
5/11/2001,25.18,28,32.77,22.3711,28.96,30.09,28.5,32.39
5/18/2001,26.01,28.58,34.68,23.0532,30.1,31.95,29.49,33.3
5/25/2001,25.4,28.24,33.38,23.2887,30.24,31.16,29.65,32.68
6/1/2001,25.91,27.85,33.4,23.2724,29.81,30.78,28.1,32.75
6/8/2001,25.83,28.11,32.79,23.0938,29.9,30.71,29.03,31.88
6/15/2001,25.32,26.98,32.39,22.3954,28.9,29.85,26.45,30.82
6/22/2001,25.12,27.98,31.53,23.3861,29.11,29.5,26.4,30.59
6/29/2001,24.31,27.67,30.35,23.0613,29.55,28.9,28.17,31.15
7/6/2001,24.23,26.67,30.39,22.7121,28.86,28.73,25.9,31.55
7/13/2001,24.3,28.66,29.67,22.8502,29.16,29,27.34,31.63
7/20/2001,25.28,29.15,29.66,22.5984,28.83,29.25,26.3,31.1
7/27/2001,24.69,28.7,30.32,22.6634,29.17,28.9,26.31,30.77
8/3/2001,25.08,28.86,29.42,23.0045,28.99,29.18,26.9,31.09
8/10/2001,25.07,28.18,28.98,22.5741,28.6,29.04,25.54,30.76
8/17/2001,25.46,27.18,29.33,22.0706,27.89,28.37,24.13,30
8/24/2001,26,27.28,29.62,22.1762,28.81,28.87,24.96,30.34
8/31/2001,25.17,26.37,28.73,21.3317,27.49,27.85,23.02,29.77
9/7/2001,24.9,24.63,28.78,20.2192,26.07,26.5,21.02,29.63
9/14/2001,25.45,24.42,28.87,20.2598,25.73,26.45,21.47,30.12
9/21/2001,23.51,21.05,25.08,17.7832,21.96,21.68,18.34,29.13
9/28/2001,25.06,22.97,25.82,20.0406,23.5,23.67,19.25,29.26
10/5/2001,25.42,24.1,27.2,19.8619,23.9,24.51,20.67,29.91
10/12/2001,25.35,24.85,28.31,19.8863,24.36,25.06,21.92,29.48
10/19/2001,25.6,24.06,26.95,19.7483,23.49,24.34,21.23,29.53
10/26/2001,25.62,25.04,28.01,20.7064,24.26,25.7,22.58,28.26
11/2/2001,25.44,25,26.53,20.1868,24.08,24.97,22.12,28.06
11/9/2001,25.39,25.8,27.35,20.8851,24.67,25.82,23.53,28.64
11/16/2001,25.68,26.85,25.3,21.0719,26.05,26.62,24.45,28.47
11/23/2001,26.13,27.45,26.07,21.5185,26.35,26.87,24.39,28.22
11/30/2001,26,27.4,25.36,21.0394,26.36,26.5,24.54,27.37
12/7/2001,25.82,28.11,25.98,21.4535,27.59,27.19,25.6,27.7
12/14/2001,24.75,27.51,25.1,20.7064,26.4,26.32,24.52,27.15
12/21/2001,25.76,28.43,25.9,21.2667,26.48,27.77,24.2,27.56
12/28/2001,25.55,29.04,27,21.5591,27.37,28.05,24.56,28.02
1/4/2002,25.16,29.07,26.46,21.7621,27.62,27.7,25.84,28.45
1/11/2002,25.03,28.26,25.55,21.3155,27.55,26.56,25.1,27.83
1/18/2002,25.15,28,24.9,21.4697,26.97,25.68,24.03,27.65
1/25/2002,25.1,28.5,26.05,21.6565,27.05,26.29,23.78,27.22
2/1/2002,25.25,29.24,25.89,20.8526,26.7,25.75,23.3,27.08
2/8/2002,24.94,28.4,25.19,20.5278,27.25,24.89,22.25,26.42
2/15/2002,25.5,29.2,25.78,20.5197,27.35,25.39,21.85,26.77
2/22/2002,25.79,29.19,26.48,19.9756,27.6,25.84,20.48,26.47
3/1/2002,26.25,29.98,27.01,21.0313,28.51,27.22,21.69,27.55
3/8/2002,25.91,30.35,28.22,22.03,29.24,28.49,23.29,28.2
3/15/2002,26.43,30.55,28.68,22.4117,29.62,28.07,22.16,27.91
3/22/2002,26.16,30.05,28.42,22.0057,29.51,27.23,21.75,27.97
3/29/2002,26.1,30.04,28.89,22.0463,29.59,27.24,21.67,28.18
4/5/2002,25.38,29.3,27.97,22.0625,29.53,26.93,20.7,27.94
4/12/2002,25.65,30.45,27.1,22.0706,29.56,26.82,19.8,27.07
4/19/2002,25.83,30.05,28.77,22.2493,30.36,26.47,20.55,27.13
4/26/2002,25.28,29.45,27.8,21.421,29.8,25.21,18.8,26.31
5/3/2002,25.25,29.23,28.33,21.7377,29.65,25.54,17.97,26.4
5/10/2002,24.86,28.62,27.53,21.2261,29.07,25.05,18,25.55
5/17/2002,25.16,30.25,27.76,22.1924,30.27,26.26,19.94,25.96
5/24/2002,24.84,29.32,27.98,21.7377,29.71,25.95,18.9,26.96
5/31/2002,24.85,29.05,27.36,21.421,29.82,25.47,18.26,26.25
6/7/2002,23.98,28.28,26.39,20.674,29.3,24.13,17.36,25.18
6/14/2002,23.61,28,25.81,20.2436,27.81,23.84,16.84,25.01
6/21/2002,22.99,27.62,25.72,20.2517,27.27,23.69,15.7,24.6
6/28/2002,22.25,27.47,26.2,20.4141,27.68,23.85,15.82,24.25
7/5/2002,22.46,27.66,26.2,20.2436,26.83,23.94,16.06,23.38
7/12/2002,20.79,25.44,23.57,18.9606,24.9,22.35,15.42,21.12
7/19/2002,18.88,22.68,21.4,17.4421,22.67,20.68,14.84,18.83
7/26/2002,20.45,23.13,21.3,17.2391,24.83,20.97,13.39,18.75
8/2/2002,21.06,22.41,21,17.7913,25.92,21.2,13.4,19.98
8/9/2002,21.86,23.25,22.55,18.9768,27.21,22.53,14.05,21.02
8/16/2002,21.99,24.85,23.3,19.1474,27.24,22.38,15,21.12
8/23/2002,21.79,25.34,23.22,19.2205,27.86,22.66,15.19,22.15
8/30/2002,21.47,24.92,22.91,19.0662,27.14,22.15,14.2,21.5
9/6/2002,21.16,24.78,22.35,18.4734,26.5,21.48,13.9,20.72
9/13/2002,21.37,25.05,22.36,18.1648,26.64,21.08,13.9,20
9/20/2002,20.4,24.33,21.27,16.8088,25.62,20.41,12.83,18.59
9/27/2002,20,23.52,21.58,16.7682,25.5,19.71,12.24,18.42
10/4/2002,20,22.38,21.36,15.6801,25.27,19,11.9,17.46
10/11/2002,20.44,22.78,21.28,16.7357,26.31,19.48,12.96,16.48
10/18/2002,20.85,24.26,22.63,18.2542,27.91,20.4,13.78,16.34
10/25/2002,20.83,25.13,21.75,18.514,27.34,20.76,14.53,17.65
11/1/2002,20.82,24.56,22.12,18.579,27.13,20.75,15.2,18.33
11/8/2002,20.29,24.13,21.85,18.0593,27.77,20.59,15.2,17.92
11/15/2002,20.33,25.05,21.88,18.6764,27.78,20.45,15.79,18.15
11/22/2002,20.09,25.07,22.02,19.1393,27.8,21.38,16.77,19.02
11/29/2002,19.99,25.32,22.44,19.0012,27.69,21.55,17.1,18.77
12/6/2002,20.21,24.5,22.9,18.5465,27.47,21.03,16.09,18.19
12/13/2002,20.18,23.52,22.87,18.1892,26.98,20.54,15.28,19
12/20/2002,20.01,23.48,22.94,18.3922,26.68,20.82,15.35,19.25
12/27/2002,19.9,22.75,22.18,17.7994,26.19,20.29,15.03,19.14
1/3/2003,20.3,23.43,22.76,18.4978,27.55,21.19,15.66,19.8
1/10/2003,20.41,24.22,22.09,19.0824,27.51,21.23,16.54,20.28
1/17/2003,20.5,23.75,22.22,18.7576,27.1,20.66,15.22,19.71
1/24/2003,19.53,22.63,21.32,17.7263,26.32,19.51,14.68,18.98
1/31/2003,19.26,22.34,21.77,17.637,26.46,19.48,14.45,18.7
2/7/2003,18.92,21.65,21.64,16.7763,25.75,19.15,14.04,17.9
2/14/2003,19.05,21.75,21.47,16.9387,25.32,19,14.43,17.58
2/21/2003,18.95,22.16,22.23,17.2554,25.79,19.5,14.75,18
2/28/2003,18.67,22.24,22.41,17.093,25.87,19.18,14.52,17.7
3/7/2003,18.12,21.63,22.6,16.8088,26,18.83,14,17.95
3/14/2003,18.51,22.05,21.8,16.7113,25.45,19.05,14.61,17.91
3/21/2003,19.49,24.28,22.38,17.9618,27.34,20.58,15.53,18.74
3/28/2003,18.75,23.21,22.68,17.2635,27.03,19.62,14.7,18.49
4/4/2003,18.85,23.89,22.39,17.8563,27.53,20.05,14.88,18.7
4/11/2003,18.92,23.82,22.11,17.8075,26.78,19.94,14.41,18.64
4/18/2003,19.1,24.73,22.3,18.5465,26.67,20.5,15.21,19.14
4/25/2003,18.84,24.72,22.24,18.5871,27.21,20.74,15.31,19.72
5/2/2003,19.25,25.4,22.59,19.2692,28.1,21.37,16.09,19.88
5/9/2003,19.43,25.67,23.03,19.1149,28.16,21.45,16.32,20
5/16/2003,19.4,25.93,23.59,19.5128,28.65,21.6,16.5,21.02
5/23/2003,19.64,25.61,24.12,19.1717,27.74,21.28,16.14,21.9
5/30/2003,20.06,26.74,24.48,19.9431,28.17,21.98,16.95,22.01
6/6/2003,20.32,27.38,24.77,20.6415,29.19,22.77,17.2,22.1
6/13/2003,20.36,27.46,24.94,20.5765,29.32,22.85,17,22.32
6/20/2003,20.29,27.38,24.45,20.341,30.2,22.92,17.52,22.52
6/27/2003,20.13,26.92,24.2,20.0081,29.52,22.35,17.12,22.02
7/4/2003,20.34,27.25,23.96,20.3248,29.59,22.48,17.46,22
7/11/2003,20.3,27.89,23.71,20.7633,29.65,22.63,18.01,21.45
7/18/2003,20.26,27.65,23.76,20.8364,29.42,22.6,17.55,20.92
7/25/2003,20.23,27.75,23.43,21.1287,29.12,23.22,17.75,21
8/1/2003,19.93,27.56,23.14,20.3979,28.45,22.95,17.51,20.55
8/8/2003,20.18,27.48,23.85,20.5603,28.57,22.74,16.99,20.64
8/15/2003,20.42,28.2,24.28,20.7876,28.1,23.55,17.37,20.76
8/22/2003,20.17,28.39,24.13,20.341,27.48,23.95,18.16,20.72
8/29/2003,20.47,29,24.68,20.5603,27.82,24.03,18.44,21.05
9/5/2003,20.63,29.19,24.7,20.7795,28.13,24.29,19.12,21.48
9/12/2003,20.61,28.4,24.49,20.6577,28.98,24.06,18.93,21.66
9/19/2003,20.71,28.89,24.25,21.2911,28.79,24.4,19.56,21.75
9/26/2003,20.41,27.73,23.93,20.5522,27.81,23.27,18.4,21.71
10/3/2003,20.85,28.81,24.7,21.3561,28.37,24.1,19.21,22.19
10/10/2003,20.99,29.36,24.9,21.6078,28.06,24.14,19.54,21.98
10/17/2003,21.05,29.41,24.63,21.8514,27.95,24.24,19.42,21.86
10/24/2003,20.91,29.09,24.32,21.6646,27.95,24.05,19.03,21.9
10/31/2003,21.24,30.09,24.28,22.0625,28,24.73,19.62,22.05
11/7/2003,21.4,30.41,24.21,22.0057,27.6,24.94,20.05,21.81
11/14/2003,21.15,29.86,24.57,21.7702,29.03,24.82,19.72,21.83
11/21/2003,21.1,29.5,23.97,21.5591,28.34,24.69,19.28,21.44
11/28/2003,21.49,30.36,24.47,21.9813,28.6,25.22,19.9,22.1
12/5/2003,21.29,29.92,25.53,22.0057,28.98,25.45,19.83,22.33
12/12/2003,21.41,30.38,26.27,22.2087,29.33,26.07,19.95,22.45
12/19/2003,21.4,30.86,27.12,22.3954,29.52,26.48,19.89,22.74
12/26/2003,21.48,31.08,27.36,22.5416,29.7,26.55,20.08,23.14
1/2/2004,21.52,31.22,27.54,22.8096,30.22,26.74,20.48,23.27
1/9/2004,21.43,31.52,27.97,23.0045,30.32,26.9,21.4,23.29
1/16/2004,21.59,31.74,27.78,23.4348,30.46,27.8,22.05,23.33
1/23/2004,21.72,32.05,28.76,23.6378,30.78,27.42,21.65,23.79
1/30/2004,21.78,31.31,28.17,23.5891,30.98,27.03,21.25,23.81
2/6/2004,22.42,31.58,27.96,23.9464,31.76,27.12,21.23,23.55
2/13/2004,22.41,31.73,29.09,24.1981,31.54,27.18,21.08,23.77
2/20/2004,22.87,31.74,28.99,24.1738,31.32,26.99,20.87,23.64
2/27/2004,23.02,31.99,29.65,24.2631,31.31,26.83,20.71,24.26
3/5/2004,23.13,32.49,30.09,24.7341,31.63,27.03,20.8,24.62
3/12/2004,22.62,31.35,29.26,24.0114,30.25,25.95,20.16,24.01
3/19/2004,22.57,31.14,29.28,23.7921,29.58,25.85,19.75,24.1
3/26/2004,22.47,31.26,28.4,23.5241,29.43,25.99,20,23.98
4/2/2004,22.82,32.18,29.13,24.0357,30.5,26.86,20.88,24.27
4/9/2004,22.83,32,29.54,23.9789,30.4,26.95,20.75,24.08
4/16/2004,23.08,31.89,30.54,23.4429,31.48,27.1,20.09,23.51
4/23/2004,23.27,32.26,30.1,23.2399,31.35,27.32,20.76,23.55
4/30/2004,23.18,31.39,29.84,22.8339,30.86,26.4,19.39,23.28
5/7/2004,22.94,30.34,29.76,22.298,31.06,26.22,19.6,22.74
5/14/2004,22.72,30.41,29.85,22.5335,30.7,26.17,19.45,22.55
5/21/2004,22.67,30.49,29.11,22.6553,30.16,26.22,19.57,22.54
5/28/2004,23.05,31.59,29.75,23.2237,30.76,27.05,20.15,23.56
6/4/2004,23.23,31.61,29.68,23.2562,31.09,27.25,19.94,23.4
6/11/2004,23.45,32.05,30.24,23.4267,31.08,27.73,20.39,23.39
6/18/2004,23.23,31.89,31.22,23.1587,30.86,28.02,20.13,23.54
6/25/2004,22.93,31.87,31.52,23.2237,30.44,28.47,20.51,23.73
7/2/2004,22.86,31.27,31.64,23.11,30.11,27.99,20.1,23.72
7/9/2004,22.92,30.73,31.93,22.7284,29.68,28.05,19.63,23.59
7/16/2004,22.81,30.31,32.65,22.5497,29.31,28.13,18.9,24.08
7/23/2004,22.12,30.13,31.84,22.3792,28.92,27.51,18.85,23.56
7/30/2004,21.95,30.43,32.45,22.7121,28.92,27.86,19.44,24.12
8/6/2004,21.6,29.18,30.93,22.2006,27.88,26.71,18.34,24.35
8/13/2004,22.07,29.03,31.13,22.3386,28.25,26.74,18.05,24.47
8/20/2004,22.37,30.49,31.42,23.2237,29.19,27.59,18.66,24.71
8/27/2004,22.43,30.63,31.57,23.4673,29.6,27.9,18.84,24.8
9/3/2004,22.7,30.92,32.84,23.6135,29.79,28.19,18.53,25.16
9/10/2004,22.39,31.15,33.12,23.8084,29.72,28.36,19.23,25.26
9/17/2004,22.09,31.42,33.92,23.7353,29.85,28.59,19.22,25.16
9/24/2004,21.53,31.2,34.62,23.11,29.17,27.98,18.97,24.86
10/1/2004,21.88,31.59,35.43,23.4998,29.06,28.78,19.6,25.25
10/8/2004,21.61,31.54,36.19,23.4267,28.02,28.37,19.54,25.53
10/15/2004,21.51,31.43,35.16,22.7852,27.71,28.14,19.45,25.58
10/22/2004,21.38,31.29,35.48,22.2493,27.04,27.78,19.42,25.66
10/29/2004,21.8,32.46,35.14,23.2318,28.15,28.67,19.96,26.27
11/5/2004,22.75,33.63,35.73,23.8896,28.73,29.82,20.67,26.94
11/12/2004,22.97,34.21,35.9,24.2225,28.84,30.56,21.06,27.82
11/19/2004,22.65,33.75,36.38,23.784,28.41,30.36,21.01,27.3
11/26/2004,22.74,34.42,37.66,24.0926,28.61,30.52,21.09,28.11
12/3/2004,22.81,34.28,35.99,24.3768,29.26,30.89,21.62,27.06
12/10/2004,22.91,34.4,35.55,24.393,29.49,30.85,21.28,27.07
12/17/2004,22.83,34.53,36.05,24.3686,29.7,30.92,20.96,27.52
12/24/2004,23.04,34.86,36.51,24.8315,29.96,31.25,21.16,28.01
12/31/2004,23.08,35.29,36.32,24.7909,30.19,31.07,21.11,27.85
1/7/2005,23.1,34.33,34.97,24.4174,29.75,30.17,20.45,27.05
1/14/2005,23.19,34.51,36.46,24.1494,29.67,30.09,20.22,27.55
1/21/2005,23.17,33.71,36.4,23.987,29.37,29.51,19.73,27.47
1/28/2005,23.29,33.42,37.1,23.9708,29.2,29.81,19.78,28.12
2/4/2005,23.64,34.15,39.05,24.6934,29.83,30.45,20.26,29.1
2/11/2005,23.54,34.09,40.42,24.8234,29.95,30.62,20.18,29.09
2/18/2005,23.47,34.01,42.05,24.19,30.33,30.5,19.88,29.01
2/25/2005,23.37,33.74,44.17,24.328,30.59,30.73,20.01,29.25
3/4/2005,23.73,34.25,44.92,24.5229,30.65,31.24,20.12,29.71
3/11/2005,23.25,33.74,42.8,24.1088,30.2,31.02,19.89,29.25
3/18/2005,23.03,33.42,43.78,23.5241,29.58,30.58,19.45,29.16
3/25/2005,22.91,32.92,42.03,22.8177,29.8,30.47,19.37,28.72
4/1/2005,22.8,32.9,43.93,22.7365,29.6,30.14,19.39,29.25
4/8/2005,23.09,32.94,42.72,22.9963,30.46,30.21,19.59,29.45
4/15/2005,22.86,31.47,39.73,22.5172,30.8,28.95,18.47,29.01
4/22/2005,22.62,31.34,42.04,22.5254,30.49,29.29,18.82,29.72
4/29/2005,22.78,31.05,40.55,23.0938,30.9,29.32,18.87,30.05
5/6/2005,23.07,31.81,41.1,23.3455,31.17,29.58,19.13,29.82
5/13/2005,22.85,31.41,38.8,22.9233,31.08,29.17,19.36,29.17
5/20/2005,23.52,32.87,39.65,23.7515,31.47,30.26,20.03,29.87
5/27/2005,23.39,33.09,42,23.8165,31.39,30.33,20.31,30.04
6/3/2005,23.34,33.04,42.63,23.7759,31.26,30.22,20.25,30.48
6/10/2005,23.37,33.13,43.65,23.8327,31.12,30.15,20.17,30.72
6/17/2005,23.3,33.69,45.84,24.0601,31.66,30.36,20.3,30.87
6/24/2005,22.74,32.84,44.94,23.8002,31.1,29.29,19.99,31.12
7/1/2005,22.83,32.86,45.44,23.9545,30.99,29.48,19.97,31.85
7/8/2005,23,33.48,46.24,24.2631,31.26,29.82,20.45,31.99
7/15/2005,23.36,34.11,45.37,24.661,31.51,30.03,21.03,32.02
7/22/2005,23.28,34.57,47.39,24.4823,31.4,30.5,20.96,31.8
7/29/2005,23.48,34.64,47.6,24.3037,31.73,30.5,21.05,32.27
8/5/2005,23.14,34.11,48.39,24.0682,31.55,30.02,21.16,31.91
8/12/2005,23.08,34.45,50.17,24.125,31.75,30.27,20.79,31.74
8/19/2005,23.18,33.87,48.18,24.1575,31.4,30.05,20.76,31.64
8/26/2005,22.95,33.45,47.99,23.6622,31.03,29.62,20.6,32.15
9/2/2005,23.08,33.05,50.95,23.9464,31.61,29.76,20.74,33
9/9/2005,23.36,33.82,52.8,24.255,32.41,30.23,21.05,33.43
9/16/2005,23.08,33.14,52.28,24.3199,32,30.11,20.98,33.59
9/23/2005,22.73,32.29,52.56,23.8327,31.47,29.75,20.57,32.68
9/30/2005,23.28,32.49,53.67,23.9708,31.35,30.16,20.9,33.6
10/7/2005,22.84,31.7,49.53,23.6622,30.75,29.8,20.21,32.27
10/14/2005,22.75,31.39,48.34,23.6053,30.81,29.63,20.01,30.86
10/21/2005,22.87,31.28,46.02,23.8408,30.23,29.29,20.17,30.35
10/28/2005,23.08,31.31,48.27,24.6122,30.25,29.65,20.21,31.05
11/4/2005,23.18,32.54,49.5,24.8721,30.65,30.09,20.89,30.89
11/11/2005,23.5,33.01,47.47,25.6679,31.08,30.53,21.15,30.64
11/18/2005,23.4,33.17,49.04,25.741,31.26,31.3,21.55,31.17
11/25/2005,23.7,33.68,51,26.35,31.26,31.61,21.86,31.75
12/2/2005,23.53,33.59,51.17,26.0739,31.18,31.69,22.02,31.57
12/9/2005,23.36,33.37,51.82,25.9034,31.2,31.45,21.82,32
12/16/2005,23.8,33.41,51.07,25.9683,31.7,31.67,21.57,32.31
12/23/2005,23.67,33.08,51.25,26.1388,32.29,31.84,21.39,31.84
12/30/2005,23.29,32.65,50.31,25.7166,31.72,31.42,20.9,31.39
1/6/2006,23.5,33.33,53.46,26.3662,32.56,31.78,22,32.18
1/13/2006,23.48,33.56,54.46,26.4068,32.46,31.62,22.13,32.2
1/20/2006,23.17,32.95,56.41,25.4324,31.97,30.96,21.27,32.71
1/27/2006,23.53,33.43,56.65,26.1226,32.29,31.62,21.71,32.39
2/3/2006,23.23,33.14,55.22,25.6435,32.01,31.44,21.28,31.66
2/10/2006,23.21,33.27,52.54,25.9196,32.04,31.86,21.64,31.78
2/17/2006,23.63,33.62,53.01,26.3337,32.69,32.54,21.93,32.3
2/24/2006,23.68,33.45,53.63,26.7073,32.68,32.66,21.7,32.53
3/3/2006,23.55,33.48,54.13,26.4068,32.36,32.74,22,32.3
3/10/2006,24.15,33.36,51.39,26.5042,32.43,32.85,21.72,31.71
3/17/2006,23.96,34.02,53.65,26.8778,32.72,33.79,22.11,32.15
3/24/2006,23.98,33.79,53.86,26.6991,32.68,33.68,22.09,31.49
3/31/2006,23.6,33.66,54.4,26.4312,31.98,33.8,22.14,30.83
4/7/2006,23.41,33.87,55.35,26.4555,31.28,33.95,22.26,30.67
4/14/2006,23.26,33.6,55.81,26.3743,31.02,33.86,22.1,30.24
4/21/2006,23.42,33.67,59.74,26.894,31.16,34.89,22.06,31.25
4/28/2006,23.83,34.09,57.14,27.5761,30.99,34.53,21.85,31.32
5/5/2006,24.06,34.61,58.86,27.7385,30.78,35.68,21.92,32.18
5/12/2006,23.67,34.09,56.74,26.959,30.39,34.93,20.98,31.26
5/19/2006,23.62,33.68,54.02,26.4718,30.28,34.04,20.6,31.09
5/26/2006,24.09,33.67,55.1,26.7479,30.55,34.14,20.76,31.63
6/2/2006,23.96,33.97,56.53,26.9996,30.89,34.34,20.71,32.54
6/9/2006,23.78,33.14,52.8,26.5448,30.43,32.84,19.94,32.47
6/16/2006,23.75,33.15,53.1,25.8384,30.31,33.26,20.19,32.11
6/23/2006,23.8,32.88,53.38,25.676,29.98,33.24,20.03,31.66
6/30/2006,24.19,33.39,56.75,26.2606,30.24,33.81,20.33,32.29
7/7/2006,24.36,32.9,56.69,26.2688,30.41,33.27,19.98,32.51
7/14/2006,24,31.39,57.82,25.676,29.97,32,19.1,32.66
7/21/2006,24.44,31.34,54.48,26.2119,30.97,31.7,19,33.46
7/28/2006,24.69,32.26,57.77,26.9021,32,32.02,19.83,33.99
8/4/2006,24.74,32.45,57.84,26.9996,31.82,32.06,19.76,34.07
8/11/2006,24.84,32.03,58.15,26.4799,31.56,31.23,19.71,33.87
8/18/2006,25.19,33.09,57.48,27.2351,32.31,32.53,20.83,34.34
8/25/2006,25.24,32.24,58.22,26.9833,32.52,31.94,20.74,34.31
9/1/2006,25.66,33.19,56.5,27.2188,32.97,32.48,21.28,34.8
9/8/2006,25.54,33.29,53.95,27.1701,32.72,32.19,21.09,34.35
9/15/2006,25.58,34.46,51.85,27.7304,33.14,32.73,21.7,33.72
9/22/2006,25.48,34.38,51.33,27.7872,32.89,32.39,21.6,33.55
9/29/2006,25.38,34.95,53.45,28.112,33.19,33.34,22,33.99
10/6/2006,25.27,35.87,52.69,28.5505,33.26,34.25,22.3,34.22
10/13/2006,25.3,36.63,53.98,28.8185,33.13,34.56,22.81,34.55
10/20/2006,25.54,36.43,54.7,28.5262,33.86,34.28,22.76,35.61
10/27/2006,25.96,37.06,56.17,28.8104,33.63,34.25,22.76,35.77
11/3/2006,25.47,36.6,56.6,28.5099,33.07,33.92,22.63,35.58
11/10/2006,25.55,37.33,57.45,29.0702,32.49,34.5,23.09,35.91
11/17/2006,25.89,38.11,57.1,29.2326,33.22,35.4,23.64,36.04
11/24/2006,25.73,37.95,57.54,29.257,33.02,35.47,23.76,36.2
12/1/2006,25.53,37.63,60.72,28.8023,33.23,34.92,23.32,36.72
12/8/2006,26.07,38.22,60.27,29.4032,33.24,35.31,23.39,36.77
12/15/2006,26.06,38.45,61.01,29.7198,33.41,35.2,23.56,36.94
12/22/2006,26.07,38.23,58.59,29.663,33.44,35.01,23.04,36.57
12/29/2006,26.12,38.36,58.63,29.8335,33.49,35.01,23.26,36.72
1/5/2007,26.14,38.25,55.92,29.6305,33.69,34.96,23.5,36.11
1/12/2007,26.51,39.26,55.44,30.0446,34.28,35.58,24.02,35.87
1/19/2007,26.61,39.61,56.58,30.0122,34.67,35.62,23.38,36.05
1/26/2007,26.49,38.83,56.85,29.8985,34.23,35.21,23.35,36.25
2/2/2007,26.8,39.71,58.63,30.3613,34.73,36.19,23.75,37.1
2/9/2007,26.52,39.46,58.39,30.1827,34.54,35.85,23.54,38.04
2/16/2007,26.91,39.9,58,30.6618,34.73,36.66,23.9,38.24
2/23/2007,26.82,39.85,58.65,30.2882,34.39,36.6,23.98,38.67
3/2/2007,25.89,37.78,56.05,28.8266,33.26,34.84,22.64,38.05
3/9/2007,26.22,38.26,57.4,29.1271,33.63,35.45,23,38.2
3/16/2007,25.93,37.32,56.39,28.4368,33.2,35.25,22.95,38.4
3/23/2007,26.79,38.66,60.22,29.395,33.92,36.36,23.57,39.85
3/30/2007,26.65,38.03,60.28,28.9322,33.65,35.55,23.32,39.7
4/6/2007,27.09,38.85,61.75,29.0377,34.62,35.83,23.86,40.7
4/13/2007,27.09,38.9,63.05,28.989,35.43,36.06,23.89,40.72
4/20/2007,27.6,39.57,63.1,30.1421,36.16,36.82,24.23,41.57
4/27/2007,27.5,39.43,64.13,30.2882,36.23,37.64,24.61,41.81
5/4/2007,27.4,39.5,64.65,30.6293,36.7,37.98,25.01,42.09
5/11/2007,27.2,39.3,65.21,30.6537,36.25,38.19,25.19,42.2
5/18/2007,27.69,39.72,67.83,30.7105,36.59,38.25,25.31,42.83
5/25/2007,27.5,39.67,67.7,30.5237,36.62,38.5,25.19,41.1
6/1/2007,27.9,40.33,68.92,30.8729,36.77,39.28,25.65,41.61
6/8/2007,27.46,39.42,67.92,30.2233,35.85,38.65,25.34,39.28
6/15/2007,27.49,39.83,70.98,30.4101,36.07,39.42,25.78,40.44
6/22/2007,27.05,39.39,69.75,29.663,34.97,39.15,25.53,38.71
6/29/2007,27.05,39.33,68.99,29.3788,35.31,39.04,25.6,39.58
7/6/2007,27.4,40.17,71.54,29.7848,35.64,39.8,26.15,39.86
7/13/2007,27.7,40.05,73.95,29.7848,35.92,40.72,26.65,40.75
7/20/2007,27.4,39.46,74,28.786,35.23,40.9,26.8,40.7
7/27/2007,26.44,37.04,68.5,27.0808,33.58,39.11,25.64,37.55
8/3/2007,26.65,36.37,66.12,26.0333,33.68,39.15,25.35,37.95
8/10/2007,27.1,36.36,67.72,27.0808,33.9,38.53,25.24,39.01
8/17/2007,26.65,35.55,67.5,28.0146,33.73,38,24.83,38.63
8/24/2007,27.12,37.05,69.25,28.0471,34.58,39.2,25.76,39.61
8/31/2007,26.9,37.23,69.83,27.4056,34.4,39.42,26.04,38.6
9/7/2007,26.75,35.9,70.26,26.8047,34.37,38.71,25.75,39.01
9/14/2007,27.38,36.87,72.5,27.5924,34.79,39.54,25.87,39.7
9/21/2007,27.66,37.1,75.7,28.0958,35.45,40.63,26.72,40.32
9/28/2007,27.98,36.83,74.8,27.8684,35.35,41.08,26.97,39.8
10/5/2007,28,38.15,75.11,29.1433,36.25,41.58,27.4,40.9
10/12/2007,28.23,37.82,77.17,28.8591,36.25,41.32,27.71,41.29
10/19/2007,27.73,35.98,74.4,26.4718,35.2,39.9,27.15,39.74
10/26/2007,28.34,36.55,76.95,27.365,35.68,40.3,27.94,41.54
11/2/2007,28.03,35.7,75.85,25.8546,35.41,40.22,28.15,41.92
11/9/2007,27.88,33.91,74.45,24.4742,34.91,38.92,25.97,41.93
11/16/2007,28.57,34.01,72.66,24.7747,35.54,38.81,26.32,41.68
11/23/2007,28.54,33.55,74.05,23.7677,35.18,38.17,25.78,41.92
11/30/2007,29.19,34.65,73.47,25.1725,36.47,39.4,26.26,42.73
12/7/2007,29.46,34.9,76.18,25.3349,36.75,40.3,26.9,44.18
12/14/2007,29.02,33.25,76.45,23.8327,35.7,39.46,26.76,43.18
12/21/2007,29.34,32.94,79.3,23.784,35.87,39.55,27.02,43
12/28/2007,29.03,32.82,80.37,23.4998,35.44,39.34,26.86,42.92
1/4/2008,28.12,30.84,77.5,22.233,34.79,37.75,25.14,42.35
1/11/2008,28.27,30.26,75.6,22.3305,36.47,36.44,24.28,43.43
1/18/2008,27.15,29.52,68.9,20.7064,34.67,34.68,23.1,40.03
1/25/2008,26.7,30.86,68.7,22.0706,32.99,35.8,22.84,38.18
2/1/2008,27.47,32.87,71.35,24.1007,33.86,37.85,23.65,40.24
2/8/2008,26.8,31.57,69.85,22.0219,33.11,36.17,22.3,39
2/15/2008,27.35,32.23,72.85,21.7864,33.33,36.77,22.72,39.85
2/22/2008,27.6,32.22,74.9,22.0869,33.37,37.15,22.49,39.42
2/29/2008,27.13,31.32,76.05,20.9744,32.8,36.25,22.15,37.61
3/7/2008,27.07,30.16,73.76,19.7483,31.74,35.61,22.02,37.7
3/14/2008,26.96,30.0401,74.76,19.4884,30.68,36.08,21.95,37.9
3/21/2008,27.6201,31.25,70.81,21.3723,31.09,36.63,22.39,37.45
3/28/2008,27.88,30.53,73.4,20.0162,31.33,36.84,22.43,37.63
4/4/2008,28.37,32.05,77.31,21.4048,31.6,38.4,23.24,39.17
4/11/2008,27.79,30.91,77.5,20.406,31.53,36.43,22.59,39.27
4/18/2008,27.96,32.07,83.59,21.4941,31.63,38.32,23.82,40.68
4/25/2008,27.93,32.36,82.88,21.8839,31.81,38.37,24,40.34
5/2/2008,28.112,33.19,81.47,22.501,32.05,38.9,24.79,41.02
5/9/2008,27.84,32.2,84.77,21.1043,31.47,38.24,24.5,40.04
5/16/2008,28.49,33.44,88.95,21.4291,31.7,39.28,25.37,40.78
5/23/2008,28.08,31.7,86.26,20.0162,31.35,37.79,24.48,40.91
5/30/2008,28.49,32.31,86,20.1056,32.08,38.84,25.35,41.31
6/6/2008,27.95,31.26,86.02,18.9444,31.42,37.01,24.72,40.54
6/13/2008,28.12,31.72,86.6,18.985,30.86,37.02,24.46,41.29
6/20/2008,27.08,29.98,85.75,18.0105,30,35.9,23.75,40.67
6/27/2008,26.56,28.61,87.25,16.7032,30.25,33.7,22.94,39.73
7/4/2008,26.67,28.05,84.9,16.1916,30.5,33.41,22.35,40.38
7/11/2008,26.93,26.79,81.8,15.1685,30.82,33.09,22.22,40.46
7/18/2008,26.83,28.71,76.9,16.7844,31.7,34.3,22.8,38.53
7/25/2008,27.11,28.43,73.81,16.9468,31.87,34.47,22.36,37.61
8/1/2008,27.35,28.25,74.39,17.5639,31.71,34.25,22.1,36.99
8/8/2008,28.41,30.38,70.98,17.8157,33.32,35.71,23.35,37.17
8/15/2008,28.98,31.22,70.8,17.3447,33.61,35.65,23.73,36.95
8/22/2008,28.68,30.69,74.62,16.8412,33.31,35.29,23.3,37.85
8/29/2008,28.14,30.5,74.65,17.3934,32.61,35.22,22.75,37.66
9/5/2008,28.32,30.28,68.42,17.6533,31.85,33.76,21.52,35.39
9/12/2008,29.15,31.2,68.93,17.1742,32.4,34.11,21.75,36.48
9/19/2008,27.7,30.2,71.25,18.1729,31.55,33.11,20.85,35
9/26/2008,27.7,29.25,67.7,17.3691,30.84,31.57,20.8,34.53
10/3/2008,27.23,25.95,58.01,15.2497,29.65,27.82,18.63,32.12
10/10/2008,23.6,22.13,43.4,12.2615,24.14,23.54,15.9,25.76
10/17/2008,24.31,22.24,45.94,12.4645,26.1,23.56,16.54,27.41
10/24/2008,22.8,19.42,43.65,11.0028,25.7,22.09,15.06,27.47
10/31/2008,24.12,22.98,51.4,12.6106,26.6,25.18,16.65,28.91
11/7/2008,24.26,21.12,49.85,11.5469,26.43,23.83,15.84,29.06
11/14/2008,23.48,19.18,47.77,10.337,25.54,22.4,14.81,28.8
11/21/2008,22.99,17.45,44.42,7.8603,23.59,20.59,13.89,28.83
11/28/2008,24.07,20.49,50.28,10.2801,24.92,23.11,15.25,30.12
12/5/2008,23.7,21.09,44.16,10.4019,25.19,22.662,15.03,28.47
12/12/2008,23.14,20.94,48.28,9.8498,25.12,22.27,15.35,28.9
12/19/2008,23.23,21.23,46,9.931,26.09,22.58,15.27,28.58
12/26/2008,23.32,20.82,45.16,9.5656,25.85,22.47,14.93,28.08
1/2/2009,24.21,22.65,50.15,10.2801,27.09,24.28,15.99,29.71
1/9/2009,23,21.47,48.64,9.3869,26.15,23.23,15.55,29.08
1/16/2009,22.95,20.61,46.54,7.8603,26.06,21.82,14.94,28.9
1/23/2009,22.55,19.68,47.06,7.3,26.08,20.63,14.89,28.77
1/30/2009,22.15,19.28,46.92,7.503,26.23,20.61,14.68,28.98
2/6/2009,22.52,20.13,49.47,7.9497,27.41,21.14,15.97,29.89
2/13/2009,21.56,18.99,46.99,7.1864,26.65,20.34,15.39,28.37
2/20/2009,21.3,17.84,42.38,6.0414,25.86,18.62,14.54,26.24
2/27/2009,20.36,17.53,41.134,6.1713,22.98,17.1,14.12,25.35
3/6/2009,19.71,16.32,38.79,5.0183,22.29,15.5,13.65,23.18
3/13/2009,20.56,18.22,41.5,6.6504,24.13,17.25,14.7,23.62
3/20/2009,20.57,18.55,43,6.6098,23.55,17.39,15.04,25.35
3/27/2009,21.61,20.1,44.47,7.4218,24.26,19.28,15.82,25.8
4/3/2009,21.82,21.39,46.02,7.8684,23.9,19.87,16.71,26.15
4/10/2009,21.67,21.91,45.6,8.6317,24.13,20.48,16.73,26.07
4/17/2009,22.09,22.52,45.78,9.0215,24.74,21.11,16.96,25.78
4/24/2009,21.5,22.79,46.07,8.8835,23.76,21.66,17.1,25.36
5/1/2009,22.09,23.18,47.26,8.648,24.14,22,17.48,26.53
5/8/2009,22.76,23.99,51.84,10.5725,25.59,23.51,17.09,27.25
5/15/2009,22.37,22.13,48,9.3626,25.33,21.8,16.8,25.94
5/22/2009,22.93,22.58,48.61,9.4681,25.29,21.69,16.94,25.83
5/29/2009,23.12,23.12,51.68,9.931,25.83,22.49,17.65,26.77
6/5/2009,23.62,24.01,52.11,10.0041,25.79,23.73,18.34,27.12
6/12/2009,23.52,23.86,53.51,10.1421,25.63,23.59,18.38,28.18
6/19/2009,22.89,23.13,49.21,9.7767,26.08,22.2,18.12,27.47
6/26/2009,23.03,22.96,47.89,9.6792,26.37,21.97,18.16,27.74
7/3/2009,22.89,22.29,46.16,9.3138,25.75,21.36,17.83,27.44
7/10/2009,22.89,22.1,44.67,9.0134,25.64,20.72,17.53,26.91
7/17/2009,23.93,23.77,48.45,9.8579,26.53,22.38,19,28.02
7/24/2009,24.53,24.99,51.19,10.0853,27.9,23.41,19.652,29.56
7/31/2009,24.52,25.27,50.62,10.5643,27.87,23.88,19.7,28.94
8/7/2009,24.28,26.5,50.83,11.6524,27.63,25.12,19.79,28.92
8/14/2009,24.4,25.88,50.71,11.5631,27.93,24.73,19.71,29.04
8/21/2009,24.74,26.32,52.35,11.8149,28.68,25.3,20.09,29.72
8/28/2009,24.77,26.61,52.18,11.9773,28.67,25.32,20.28,29.48
9/4/2009,24.84,26.3,50.96,11.5469,28.49,25.31,20.09,28.92
9/11/2009,25.33,27.08,53.6,11.7986,28.92,26.35,20.69,28.94
9/18/2009,25.4,27.8,55.18,12.2939,28.76,27.01,20.89,29.68
9/25/2009,25.24,26.98,53.56,11.8473,28.53,26.13,20.58,29.2
10/2/2009,25.31,26.53,51.97,11.6037,28.15,25.35,20.25,28.52
10/9/2009,25.92,27.8,56.16,12.3751,28.88,26.55,21.02,29.25
10/16/2009,26.37,28.33,58.99,12.3589,29.24,27.06,21.12,29.69
10/23/2009,26.07,28.25,58.3,12.2615,28.71,26.68,21.33,29.43
10/30/2009,25.83,26.82,55.25,11.4088,28.07,25.29,20.61,28.39
11/6/2009,26.2,28.1,57.08,11.62,29.16,26.88,21.25,28.92
11/13/2009,26.72,29.02,57.27,11.9042,29.78,27.5,21.9,29.36
11/20/2009,26.89,28.69,56.6,11.8555,30.39,27.46,21.69,29.25
11/27/2009,26.88,28.62,57.02,11.5956,30.79,27.42,21.71,29.51
12/4/2009,27.05,29.15,55.9,11.8798,30.98,28.17,22.22,30.64
12/11/2009,27,29.76,55.53,11.6849,31.28,28.17,22.24,31.82
12/18/2009,26.24,29.61,56.15,11.5469,31.13,27.85,22.33,31.35
12/25/2009,26.68,30.18,57.81,11.7986,31.46,28.25,23.01,31.48
1/1/2010,26.47,29.77,57.01,11.6931,31.07,27.79,22.93,31.02
1/8/2010,26.57,30.39,60.3,12.3589,31.78,29.25,23.04,30.72
1/15/2010,26.77,29.98,59.26,12.1315,32.22,29.07,22.66,30.91
1/22/2010,26.29,29.02,56.3,11.516,31.66,27.84,21.66,29.82
1/29/2010,26.2,28.91,54.5,11.5144,31.28,27.38,20.959,29.53
2/5/2010,25.98,28.77,54.24,11.3195,30.83,27.2,21.07,28.92
2/12/2010,26.44,29.25,55.59,11.3276,30.87,27.57,21.36,28.81
2/19/2010,27.12,30.22,57.36,11.7418,31.53,28.86,21.82,29.76
2/26/2010,27.03,30.52,56.14,11.9204,31.4,28.84,21.69,29.14
3/5/2010,27.59,31.79,58.15,12.3589,32.02,29.9,22.31,29.96
3/12/2010,27.48,32.21,58.5,12.6188,31.84,30.37,22.75,29.84
3/19/2010,27.77,32.4,57.28,12.7406,32.25,30.81,22.79,29.96
3/26/2010,27.91,33.06,56.08,12.9923,31.9,31.09,23,29.45
4/2/2010,28.11,33.07,58.54,13.0572,32.31,31.44,23.06,30.07
4/9/2010,28.04,33.97,59.83,13.4316,32.08,31.78,23.48,30.24
4/16/2010,27.91,34.37,59.3,13.2846,31.63,32.09,23.73,29.83
4/23/2010,28.03,35.67,62.09,13.6257,31.35,33.12,24.08,30.61
4/30/2010,27.63,34.82,59.91,13.1214,30.88,32.57,23.389,30.44
5/7/2010,26.74,32.18,54.99,12.2533,29.72,30.03,21.75,29.1
5/14/2010,27.27,33.01,56.24,12.4645,29.97,31.19,22.41,29.93
5/21/2010,26.62,31.73,53.07,11.9773,28.8,29.42,21.47,28.62
5/28/2010,26.35,32.37,53.05,11.9204,28.87,29.6,21.64,28.76
6/4/2010,26.07,31.52,51.55,11.49,28.48,28.43,21.42,28.1175
6/11/2010,26.47,32.25,54.32,11.7824,29.16,29.17,21.74,29.22
6/18/2010,26.66,32.47,55.61,12.0422,29.55,30,22.33,30.08
6/25/2010,25.88,30.81,52.49,11.8839,29.01,28.92,21.475,28.84
7/2/2010,25.45,29.04,49.38,10.9785,28.03,27.01,20.29,28.16
7/9/2010,26.48,30.41,52.62,11.7824,29.03,28.64,21.39,29.8
7/16/2010,26.52,30.02,51.73,11.473,28.68,28.07,21.3725,29.69
7/23/2010,27.15,31.55,53.78,11.823,28.43,30.07,22.19,30.48
7/30/2010,26.98,31.44,53.84,11.9448,28.57,30.29,21.92,30.37
8/6/2010,27.09,32.03,55.64,12.0016,29.71,30.85,22.28,30.99
8/13/2010,26.8,30.75,53.35,11.4251,29.1,29.4,21.27,30.7
8/20/2010,26.73,30.9,52.19,11.2302,28.67,29.17,21.35,30.47
8/27/2010,26.69,30.69,52.1,11.149,28.57,28.74,21.04,31.14
9/3/2010,27.29,32.28,54.2,11.7897,29.17,30.13,21.73,31.62
9/10/2010,27.52,32.29,54.52,11.7986,29.77,30.4,21.74,31.44
9/17/2010,27.55,32.75,53.89,11.864,29.94,30.6975,22.53,30.85
9/24/2010,28.04,33.7,55.27,11.8595,30.66,31.44,23.12,31.46
10/1/2010,27.93,33.45,56.81,11.7743,30.49,31.31,23.03,31.55
10/8/2010,28.19,34.36,58.36,11.9367,30.77,32.195,23.31,31.85
10/15/2010,28.61,34.71,59.21,11.6484,31.15,32.23,24.09,31.895
10/22/2010,28.81,34.96,59.3,11.8567,31.23,32.48,24.11,31.87
10/29/2010,28.77,35.26,59.24,11.8222,31.17,32.18,24.35,31.72
11/5/2010,29.11,36.51,62.31,12.6512,31.45,33.43,25.1,32.05
11/12/2010,28.71,36.01,62.94,12.1315,30.93,32.41,24.34,31.34
11/19/2010,28.81,36.24,63.59,12.0621,30.9975,32.76,24.31,31.13
11/26/2010,28.5,36.31,62.51,11.7093,30.58,32.7,24.25,30.86
12/3/2010,28.81,37.42,65.82,12.3268,31.09,34.04,24.805,31.275
12/10/2010,29.14,37.56,65.9,12.7929,31.29,34.395,25.185,31.12
12/17/2010,29.36,37.36,65.89,12.6106,31.67,34.54,25.08,31.15
12/24/2010,29.4,37.63,67.41,12.8867,31.65,34.82,25.21,31.36
12/31/2010,29.31,37.41,68.25,12.9517,31.5,34.87,25.19,31.34
1/7/2011,29.0325,37.7,68.28,13.1669,32.07,35.26,25.75,31.5825
1/14/2011,29.33,37.92,70.65,13.5769,32.18,35.91,26.17,31.74
1/21/2011,29.49,37.82,70.1,13.367,32.1875,35.9,25.72,31.95
1/28/2011,28.98,37.1,71.11,13.1953,31.61,35.83,25.83,31.65
2/4/2011,29.3,38.21,74.13,13.4856,32.33,36.78,26.69,31.8
2/11/2011,29.58,39.58,74.11,13.8701,32.38,37.85,26.9025,32
2/18/2011,29.8,40.01,77.02,13.9492,32.81,38.045,27,31.91
2/25/2011,29.55,39.1125,77.94,13.6183,32.31,36.83,26.45,31.755
3/4/2011,29.58,39.21,78.34,13.4145,33.135,36.841,26.415,32.005
3/11/2011,29.73,39.01,75.11,13.4308,32.7,36.67,25.8,32.52
3/18/2011,29.05,37.58,75.39,13.2115,31.97,35.97,24.9,30.88
3/25/2011,29.69,38.82,78.69,13.2684,32.67,37.1,25.88,31.39
4/1/2011,30.07,39.3,79.99,13.4226,33.28,37.98,26.01,32.12
4/8/2011,30.25,39.06,79.72,13.3658,33.32,37.42,25.93,31.98
4/15/2011,30.84,39.25,77.19,13.106,33.92,37.13,25.74,32.1
4/22/2011,30.9,39.91,78.98,13.0735,34.25,37.63,26.35,32.24
4/29/2011,31.52,40.55,80.479,13.3008,35.24,38.7,26.74,33.16
5/6/2011,31.44,40.29,74.8,13.0816,35.5,38.07,26.48,33.29
5/13/2011,32.11,40.56,73.79,12.8055,36.08,37.68,26.46,33.91
5/20/2011,32.32,40.27,74.63,12.7649,36.04,37.37,26.169,34.13
5/27/2011,32.04,40.16,76.34,12.7324,35.69,37.29,26.1,33.62
6/3/2011,31.31,38.92,75.26,12.3589,35.19,36.1,25.54,33.19
6/10/2011,30.91,37.86,73.33,12.0422,34.805,35.21,24.77,32.97
6/17/2011,31.135,37.95,71.685,12.0918,34.77,35.45,24.445,32.99
6/24/2011,30.61,38.5,70.93,11.9854,34.68,35.63,24.54,32.8
7/1/2011,31.47,41.02,76.06,12.6918,35.96,37.91,26.12,33.88
7/8/2011,31.74,41.37,76.89,12.5538,35.78,37.82,26.47,33.76
7/15/2011,31.36,40.29,76.86,12.0585,35.19,36.54,25.92,33.36
7/22/2011,31.74,41.09,79.73,12.4401,35.59,36.83,26.72,33.82
7/29/2011,30.83,39.65,76.45,12.0138,34.12,34.68,25.81,33.17
8/5/2011,29.91,36.34,68.07,10.9054,31.81,31.76,24.33,31.89
8/12/2011,29.54,36.07,66.96,10.3776,31.64,31.4,24.121,31.7
8/19/2011,29.55,34.05,63.24,9.8498,31.03,29.13,22.52,32.39
8/26/2011,30.17,36.12,65.81,10.3695,32.24,30.93,23.8,33
9/2/2011,30.34,36.06,66.22,10.1827,32.45,30.85,23.62,33.29
9/9/2011,30,35.42,64.89,9.931,31.97,30.18,23.49,32.8
9/16/2011,30.84,37.77,67.09,10.4791,33.02,31.97,24.98,33.98
9/23/2011,29.5,35.73,58.7,9.4844,31.48,29.31,24,33.41
9/30/2011,29.66,34.86,58.51,9.5899,31.73,29.22,23.6,33.62
10/7/2011,30.07,36.35,60.9,9.6062,31.9,30.34,24.3,33.4
10/14/2011,30.87,38.67,66.6,10.2314,32.88,32.19,26,33.98
10/21/2011,31.47,39.32,68.55,10.6618,33.11,32.67,25.53,34.88
10/28/2011,31.51,39.63,73.04,11.4088,34.21,34.26,26.48,35.01
11/4/2011,30.99,38.92,71.26,10.7877,33.19,33.6,26.05,34.98
11/11/2011,31.48,39.47,72.26,10.7471,34.07,33.93,26.16,35.36
11/18/2011,31.06,37.88,68.15,10.1502,32.85,32.92,25.21,34.64
11/25/2011,30.37,36.33,63.83,9.5656,31.71,31.16,24.01,33.43
12/2/2011,31.74,39.07,70.42,10.4831,33.51,33.71,25.74,34.75
12/9/2011,32.01,39.35,70.192,10.6374,33.82,33.97,26.04,35
12/16/2011,31.49,37.9,66.14,10.1827,33.41,32.67,24.98,34.54
12/23/2011,32.57,39.18,69.6,10.678,34.8,34.09,25.56,35.8
12/30/2011,32.49,39.02,69.13,10.5562,34.69,33.75,25.45,35.98
1/6/2012,32.16,40.05,70.44,10.877,35.13,34.59,25.97,35.02
1/13/2012,32.14,40.38,69.44,11.218,35.43,35.495,26.08,34.89
1/20/2012,32.4,41.16,71.38,11.4819,35.85,36.16,26.8,34.61
1/27/2012,32.22,41.45,71.48,11.4738,35.82,36.46,26.9,34.73
2/3/2012,32.48,42.26,72.77,11.9651,36.22,37.26,27.715,34.83
2/10/2012,32.61,42.31,73.04,11.827,35.81,36.97,28.03,34.8
2/17/2012,33.06,42.96,74.87,12.0097,36.24,37.28,28.52,35.05
2/24/2012,33.06,42.86,76.23,11.9123,36.19,37.48,28.82,35.08
3/2/2012,33.21,43.52,74.74,12.0706,36.31,37.14,29.08,34.96
3/9/2012,33.47,43.98,74.19,12.0909,36.47,37.02,29.18,35.17
3/16/2012,33.6,44.35,74.8,12.7649,36.85,37.98,29.88,34.78
3/23/2012,33.76,44.65,72.26,12.773,36.62,37.16,29.985,34.6
3/30/2012,34.08,45.09,71.75,12.8258,37.61,37.415,30.16,35.045
4/6/2012,34.05,45.01,70.5,12.6147,37.51,36.97,30.17,34.89
4/13/2012,33.63,44.55,68.7,12.2858,36.58,36.33,29.61,34.33
4/20/2012,34.31,44.64,68.96,12.3305,37.29,36.77,29.28,35.02
4/27/2012,34.27,45.87,70.8,12.6025,37.53,37.36,30.03,35.61
5/4/2012,34.08,44.91,68.3,12.2615,36.95,36.3,29.07,35.57
5/11/2012,34.03,44.24,67.34,12.026,37.01,35.67,28.69,35.93
5/18/2012,33.52,42.01,63.94,11.1823,36.07,34.12,27.47,35.42
5/25/2012,33.89,43.28,65.13,11.3845,36.42,34.92,27.87,35.78
6/1/2012,33.16,41.74,62.04,10.9541,35.51,33.71,27.2,35.71
6/8/2012,34.09,43.41,64.5,11.4795,36.59,34.8,28.33,36.82
6/15/2012,34.33,43.42,65.62,11.6443,37.06,34.955,28.37,36.93
6/22/2012,33.91,43.31,63.44,11.6403,37.415,34.75,28.48,36.26
6/29/2012,34.77,43.78,66.37,11.8839,38.005,35.67,28.725,36.99
7/6/2012,34.96,43.77,66.29,11.7499,37.63,35.21,28.69,36.83
7/13/2012,35.33,43.62,66.77,11.9407,38.13,34.87,28.27,37.34
7/20/2012,35.045,43.75,68.79,11.6728,38.25,35.16,28.755,37.67
7/27/2012,35.61,44.28,70.22,11.9854,38.83,36.01,29.13,38.09
8/3/2012,35.75,44.33,70.44,12.0341,38.49,36.16,29.54,37.86
8/10/2012,35.63,44.62,72.37,12.1315,38.69,36.68,30.13,37.54
8/17/2012,35.9,45.43,72.57,12.2858,38.48,37.18,30.75,37.09
8/24/2012,35.6,45.37,71.98,12.2858,38.74,36.71,30.57,36.62
8/31/2012,35.46,45.55,71.53,12.3102,38.84,36.36,30.49,36.35
9/7/2012,35.76,46.78,73.45,12.7324,39.53,37,31.09,36.62
9/14/2012,35.78,47.71,76.57,13.2196,39.67,37.76,31.58,36.54
9/21/2012,35.96,47.53,74.675,12.8542,40.19,36.975,31.51,36.025
9/28/2012,35.825,46.79,73.435,12.6594,40.12,36.53,30.825,36.39
10/5/2012,36.51,47.61,73.58,13.041,41.17,37.16,30.89,36.74
10/12/2012,35.85,46.25,72.56,12.838,40.31,36.45,29.92,36.5
10/19/2012,35.71,46.58,73.83,13.0816,40.6,36.79,29.29,37.11
10/26/2012,35.35,45.92,71.96,12.8299,40.32,36.32,28.99,36.58
11/2/2012,35.2,46.5711,71.06,12.9924,40.14,36.83,28.96,36.26
11/9/2012,34.6,45.42,69.55,12.5863,39.17,36.27,28.24,34.67
11/16/2012,34.41,45.1813,68.92,12.4076,38.93,35.52,27.66,34.36
11/23/2012,35.67,47.16,71.61,12.8624,40.02,36.74,28.85,34.09
11/30/2012,36.04,47.53,71.06,12.7974,40.24,37.13,29.13,35.32
12/7/2012,36.18,47.42,71.56,13.0126,40.48,37.495,28.77,35.455
12/14/2012,35.96,46.85,71.22,12.9923,40.51,37.62,28.69,35.21
12/21/2012,35.17,47.28,72.07,13.3171,40.21,37.93,28.95,35.31
12/28/2012,34.45,46.51,69.83,13.1384,39.46,37.22,28.36,34.45
1/4/2013,35.81,48.7287,73.79,13.8449,40.9,39.12,29.5,35.74
1/11/2013,35.92,48.87,73.61,13.8936,41.77,39.09,29.59,35.4
1/18/2013,36.48,49.82,75.49,13.9261,42.18,39.93,29.39,35.68
1/25/2013,36.76,50.9,76.89,14.1859,42.85,40.47,29.3,36.23
2/1/2013,37.17,50.42,78.07,14.2996,43.25,40.47,29.73,36.68
2/8/2013,37.48,50.72,78.58,14.2915,43.39,40.61,29.93,36.69
2/15/2013,37.61,50.94,78.45,14.4214,43.41,41.06,29.78,36.72
2/22/2013,38.26,50.21,77.97,14.4052,43.39,40.84,29.69,37.18
3/1/2013,38.22,51.05,77.79,14.324,43.78,40.9,29.68,37.5
3/8/2013,38.62,52.62,78.99,14.8112,44.54,41.82,30.29,37.97
3/15/2013,38.485,52.591,79.6,14.9777,44.73,41.97,30.2,38.13
3/22/2013,39.3,52.62,78.75,14.7584,44.93,41.62,30.172,38.17
3/29/2013,39.77,53,79.31,14.786,46.009,41.76,30.27,39.1
4/5/2013,39.66,52.59,77.3,14.6407,46.41,40.97,29.73,39.57
4/12/2013,40.71,54.41,78,14.998,47.93,41.76,30.365,40.33
4/19/2013,41.01,53.24,74.56,14.6813,47.6,40.38,29.35,40.73
4/26/2013,40.89,54.27,77.18,15.0751,47.535,41.23,30.04,40.98
5/3/2013,41.23,55.54,79.47,15.3065,47.67,42.13,31.21,40.89
5/10/2013,41.16,56.77,80.27,15.6313,48.18,43.19,31.59,39.83
5/17/2013,41.94,57.55,82.12,16.1997,49.1,44.17,32.2,40.32
5/24/2013,41.7,56.8,81.71,16.0211,49.12,43.71,31.69,38.83
5/31/2013,40.05,56.12,80.5,16.1105,48.11,43.53,31.66,37.68
6/7/2013,40.68,56.84,81.31,16.216,48.5,43.79,31.73,37.97
6/14/2013,40.7,56.35,79.91,15.8749,48.54,43.3,31.38,38
6/21/2013,39.43,55.045,78.17,15.5217,47.285,42.3,30.51,36.54
6/28/2013,39.67,56.4,78.3,15.7897,47.61,42.64,30.585,37.63
7/5/2013,40.03,57.77,79.96,16.0942,48.22,43.3,31.18,36.9
7/12/2013,41.43,59.72,81.91,16.5246,49.88,44.45,31.93,38.64
7/19/2013,41.8,59.57,83.72,16.8331,50.57,45.41,31.445,39.39
7/26/2013,41.53,59.52,83,16.76,51.14,44.93,31.73,39.35
8/2/2013,41.75,60.72,83.39,16.8981,51.36,46.02,32.21,39.54
8/9/2013,41.57,60.08,82.59,16.5814,50.91,45.49,31.97,39.14
8/16/2013,40.29,58.09,81.23,16.2606,49.41,44.98,31.815,37.54
8/23/2013,40.21,58.52,81.76,16.2891,49.79,45.13,32.07,37.66
8/30/2013,39.51,57.68,81.57,15.7856,49.22,44.04,31.4,37.3
9/6/2013,39.77,58.65,82.88,16.0779,50.2,44.86,31.77,36.98
9/13/2013,40.72,60.21,83.95,16.3987,51.21,46.21,32.255,37.21
9/20/2013,40.98,60.96,84.04,16.5855,51.54,46.96,32.415,37.53
9/27/2013,40.23,60.86,83.55,16.2769,50.7,46.68,32.24,37.41
10/4/2013,39.81,60.98,83.74,16.2809,51.22,46.27,32.18,37.15
10/11/2013,40.57,60.79,84.29,16.4929,51.23,46.8,32.45,38.115
10/18/2013,41.49,62.04,86.94,16.9801,52.55,47.691,33.24,38.43
10/25/2013,42.02,63.31,86.6,16.9387,52.74,48.76,33.5,39.2
11/1/2013,42.51,63.56,86.08,16.743,53.115,48.97,33.66,39.06
11/8/2013,42.67,63.29,86.55,16.9387,53.16,49.38,33.9,38.95
11/15/2013,43.33,64.95,87.66,17.1579,54.32,50.01,34.3,39.365
11/22/2013,43.16,64.85,88.23,17.4503,55.25,50.35,34.16,38.66
11/29/2013,43.01,65.6,86.44,17.4421,55.26,50.4,34.69,38.03
12/6/2013,43.08,65.13,86.41,17.3691,55.22,50.34,34.82,38.44
12/13/2013,42.27,64.48,85.13,17.1579,53.81,49.77,34.2,37.51
12/20/2013,42.55,65.66,86.67,17.5436,54.91,51.26,34.96,37.83
12/27/2013,42.84,66.27,88.29,17.6939,55.38,52,35.58,37.81
1/3/2014,42.37,66.34,86.93,17.7751,55.26,51.67,35.22,37.27
1/10/2014,42.4,66.34,86.9,17.8887,56.74,51.93,35.32,38.22
1/17/2014,42.07,65.09,86.01,17.8075,57.02,51.82,35.75,38.06
1/24/2014,41.48,63.5,84.3299,17.1417,55.66,49.81,35.13,37.98
1/31/2014,40.76,62.82,83.38,17.1011,55.96,50.03,34.82,39.1
2/7/2014,40.93,64.09,84.04,17.2879,56.35,50.47,35.1,38.88
2/14/2014,41.84,65.17,86.03,17.5721,58.21,51.37,36.07,40.28
2/21/2014,41.6,65.2,86.41,17.4421,58.81,51.39,35.95,40.55
2/28/2014,42.35,66.84,87.65,17.6208,59.44,52.06,36.35,40.45
3/7/2014,42.66,67.39,88.02,18.1648,59.45,53,36.42,39.99
3/14/2014,42.58,65.85,86.38,17.702,58.44,51.35,35.63,40.89
3/21/2014,42.5,65.68,87.06,18.1892,58.18,51.65,36.31,40.51
3/28/2014,42.75,64.28,89.06,17.9537,57.71,51.73,36.07,41.01
4/4/2014,42.95,64.65,90.16,18.0024,58.01,52.54,35.92,41.46
4/11/2014,42.75,62.24,88.45,17.2797,55.71,50.9,35.2,41.69
4/18/2014,43.63,63.77,92.79,17.7507,56.89,52.75,36.03,42.3
4/25/2014,43.79,63.44,93.23,17.7426,57.39,52.51,35.75,43.11
5/2/2014,44.2,64.25,93.72,17.8563,57.75,52.82,36.39,42.5
5/9/2014,44.51,63.84,93.67,17.8075,57.82,53.01,36.33,42.26
5/16/2014,44.28,63.75,93.4,17.6573,58.15,53.09,36.68,42.14
5/23/2014,44.28,65.08,94.15,17.8969,59.01,53.55,37.34,41.76
5/30/2014,45.04,65.68,95.31,18.0999,59.79,54.05,37.82,42.74
6/6/2014,45.23,66.92,96.81,18.514,60.16,55.31,38.19,43.08
6/13/2014,44.71,65.79,98.42,18.3597,59.63,54.5,38.13,42.55
6/20/2014,45.22,66.08,100.93,18.5384,60.68,55.02,38.09,43.47
6/27/2014,44.655,66.77,100.02,18.4815,61.07,54.29,38.34,43.91
7/4/2014,45.09,68.07,100.39,18.7089,62.32,54.75,38.95,42.5
7/11/2014,45.26,67.39,98.4,18.4247,61.62,54.07,38.92,42.83
7/18/2014,45.2,67.4999,98.9899,18.6033,61.4099,54.24,39.4499,42.74
7/25/2014,44.79,66.82,99.84,18.5871,61.83,53.79,39.72,42.44
8/1/2014,43.47,65.65,95.85,18.043,60.96,51.78,38.789,41.41
8/8/2014,43.87,66.36,96.6,18.1729,60.53,52.17,38.67,41.44
8/15/2014,44.52,67.12,96.37,18.3354,61.96,52.89,39.29,41.97
8/22/2014,44.84,68.64,97.01,18.7738,62.99,54.15,40.11,42.45
8/29/2014,45.13,68.82,98.74,18.9687,63.86,54.02,40.28,43.28
9/5/2014,45.58,69.26,97.08,19.0499,64.17,54.33,40.29,43.62
9/12/2014,45.05,68.35,93.56,18.9931,63.81,53.99,40.22,42.26
9/19/2014,45.43,68.49,93.79,19.2042,64.88,54.43,40.34,42.54
9/26/2014,45.1,67.41,91.981,18.9119,64.4,53.31,39.79,41.76
10/3/2014,45.44,66.95,88.17,18.9038,64.41,52.8,39.58,42.54
10/10/2014,45.61,64.55,83.55,18.3354,62.97,50.32,38.05,42.93
10/17/2014,44.63,63.94,82.7,18.1242,61.17,51.48,37.65,43
10/24/2014,45.91,66.35,85.6,18.7576,65.21,53.71,39.25,44.53
10/31/2014,46.71,68.1,87.42,19.3585,67.27,55.21,40.54,45.47
11/7/2014,47.74,68.0067,87.79,19.6102,67.03,56.11,40.84,46.25
11/14/2014,47.76,69.28,86.21,19.5371,67.25,56.31,41.61,44.94
11/21/2014,48.45,70.09,88.5,19.6589,68.32,57.18,41.67,45.7
11/28/2014,49.3,71.81,79.82,19.8132,69.61,56.91,42.49,46
12/5/2014,48.85,71.53,80.28,20.1543,70.79,57.26,42.12,45.87
12/12/2014,47.91,70,74.02,19.6021,68.78,54.82,40.615,45.91
12/19/2014,48.62,70.87,80.57,20.0406,70.41,56.59,41.57,46.86
12/26/2014,49.46,72.23,80.11,20.2598,69.13,57.4,42.32,48.55
1/2/2015,48.35,71.63,79.53,20.0812,68.63,56.51,41.27,47.44
1/9/2015,49.11,70.89,76.36,19.5859,70.21,55.42,41.25,47.38
1/16/2015,49.27,69.67,75.23,19.0743,70.37,54.73,40.38,48.62
1/23/2015,49.65,70.93,76.66,19.3017,70.94,55.985,41.45,49.14
1/30/2015,48.02,69.99,75.55,18.6845,69.27,54.57,39.9,48.32
2/6/2015,49.07,72.94,79.82,19.6021,69.78,56.2,41.1,46.56
2/13/2015,49.5,74.89,82.04,19.8376,70.72,57.17,42.65,45.17
2/20/2015,49.6,75.44,80.54,19.8457,72.18,58.16,43.08,45.69
2/27/2015,50.01,75.97,79.02,19.7726,72.24,57.49,43.09,45.23
3/6/2015,48.76,75.41,76.78,19.6752,71.41,56.46,42.39,43.39
3/13/2015,48.28,75.16,74.63,19.7483,71.81,56.08,41.49,43.48
3/20/2015,48.94,76.77,76.91,20.0649,74.9,57.12,42.54,44.98
3/27/2015,48.71,74.91,76.4,19.4316,73.04,55.55,41.37,43.88
4/3/2015,49.13,75.69,77.72,19.6589,71.99,55.43,41.37,44.55
4/10/2015,49.6,76.67,80.14,19.6833,74.06,56.97,42.08,44.66
4/17/2015,49.06,75.23,81.91,19.594,73.29,55.8,41.47,44.1
4/24/2015,49.19,77.63,81.98,19.7158,74.39,56.32,43.13,45.15
5/1/2015,48.81,76.35,82.87,19.7645,72.68,56.33,43.1,44.47
5/8/2015,49.17,76.6,81.76,20.1056,73.45,56.58,43.03,44.03
5/15/2015,49.75,76.59,80.67,20.0568,74.26,57.11,43.31,44.32
5/22/2015,49.25,76.94,80.2,20.1868,74.98,56.9,43.6,44.57
5/29/2015,48.79,76.3,78.39,19.9756,74.94,55.81,43.37,44.5
6/5/2015,47.59,76.52,77.67,20.1299,74.34,55.86,42.95,42.72
6/12/2015,48.06,76.59,76.95,20.3329,74.44,55.98,42.67,42.54
6/19/2015,48.66,77.45,75.91,20.0893,75.71,55.72,42.54,42.79
6/26/2015,48.43,77.9,76.08,20.2111,75.99,55.07,42.26,41.79
7/3/2015,48.17,77.2,74.53,20.0081,74.84,54.23,41.74,42.23
7/10/2015,49.18,77.67,73.49,20.0081,75.28,54.17,41.44,42.97
7/17/2015,50.07,79.15,72.44,20.6171,76.97,54.92,43.44,43.35
7/24/2015,49.68,78.85,69.51,20.3979,74.85,52.9,42.36,42.33
7/31/2015,50.31,80.22,69.38,20.471,76.59,54.22,42.58,43.99
8/7/2015,50.16,78.28,67.03,20.4628,75.32,53.69,42.12,44.39
8/14/2015,50.16,78.36,69.34,20.5034,75.38,54.38,42.42,45.57
8/21/2015,47.71,74.36,63.5,19.1961,71.7,51.46,39.56,45.05
8/28/2015,47.64,75.56,65.75,19.188,71.8,51.75,40.6,43.15
9/4/2015,46.52,73.85,63.79,18.3922,68.68,50.36,39.3,40.96
9/11/2015,47.1,75.52,63.37,18.7738,70.63,51.51,40.46,41.55
9/18/2015,47.19,75.46,63.1,18.4003,70.91,50.86,40.06,42.23
9/25/2015,47.48,74.7,62.37,18.5221,66.88,49.81,39.81,42.73
10/2/2015,47.84,75.88,63.85,18.4328,68.29,50.41,40.08,43.35
10/9/2015,49.46,77.72,68.94,18.8713,68.44,53.38,41.48,43.79
10/16/2015,49.63,78.29,69.23,19.123,69.76,52.55,41.97,44.78
10/23/2015,50.74,79.63,68.26,19.6021,69.33,54.66,43.83,44.59
10/30/2015,49.88,80.97,68.03,19.5534,71.34,54.27,43.65,43.75
11/6/2015,49.18,81.42,69.8,20.0812,71.75,54.86,44.34,42.25
11/13/2015,47.83,77.73,65.98,19.4235,69.57,53.52,42.37,42.54
11/20/2015,49.08,81.23,66.9,20.0325,71.52,55.37,44.2,43.39
11/27/2015,49.96,81.47,67.77,19.9594,72.09,55.095,43.91,42.75
12/4/2015,50.44,81.22,64.7,20.1218,71.78,54.56,44.57,42.47
12/11/2015,49.48,78.06,60.46,19.0418,70.3,52.61,42.8,41.79
12/18/2015,49.34,77.33,58.79,18.92,70.49,51.74,42.17,42.51
12/25/2015,50.87,78.48,61.57,19.4965,72.45,53.46,43.25,43.47
1/1/2016,50.49,78.1608,60.32,19.3504,72.03,53.01,42.83,43.28
1/8/2016,49.02,73.61,56.05,17.9456,68.02,49.72,40.09,43.11
1/15/2016,48.3,71.5,54.35,17.3934,66.87,48.647,39.34,43.41
1/22/2016,49.29,73.31,55.74,17.2797,67.85,48.64,40.38,43.8
1/29/2016,50.76,74.11,58.21,17.637,66.47,49.99,41.24,45.42
2/5/2016,49.63,70.16,55.94,17.0118,64.4,50.04,39.5,46.57
2/12/2016,50.07,69.79,55.28,16.6382,64.37,49.67,39.27,45.56
2/19/2016,50.84,72.74,56.81,17.0361,65.93,51.32,40.66,46.2
2/26/2016,51.09,74.83,57.23,17.3122,67.3,52.45,41.26,46.17
3/4/2016,52.04,76.72,60.96,18.0917,67.41,53.78,42.42,47.11
3/11/2016,52.45,77.3,62.36,18.2623,68.59,54.04,42.87,48.15
3/18/2016,52.65,78.09,63.49,18.4572,66.84,55.63,43.59,48.63
3/25/2016,52.32,77.55,61.84,18.1161,67.39,55.12,43.62,48.91
4/1/2016,53.62,79.43,61.06,18.4328,68.55,55.73,44.7,49.81
4/8/2016,53.41,77.87,62.37,17.905,69.35,54.71,43.89,48.85
4/15/2016,53.035,79.49,63.5392,18.5952,70.02,56.05,44.34,48.89
4/22/2016,51.96,79.46,67.04,19.123,71.87,56.41,43.44,47.3492
4/29/2016,52.3,79.2,67.5,18.9281,69.7908,56.16,42.13,48.42
5/6/2016,53.24,79.28,65.27,18.782,69.18,55.64,42.25,48.83
5/13/2016,53.24,78.11,64.99,18.579,69.14,55.05,42.21,49.39
5/20/2016,52.16,77.7,66.16,18.8469,69.69,55.03,42.73,48.29
5/27/2016,53,79.32,67.13,19.3341,71.18,55.93,44.1,48.83
6/3/2016,53.56,79.11,66.54,19.0905,72.29,55.99,43.94,50.08
6/10/2016,54.13,78.49,67.37,18.8063,71.78,56.47,43.96,50.57
6/17/2016,53.47,77.93,66.89,18.3597,70.06,55.73,43.05,50.55
6/24/2016,53.1,76.15,66.78,17.9293,69.29,54.38,42.28,50.61
7/1/2016,54.89,78.87,68.6,18.4653,72.16,56.19,43.47,52.48
7/8/2016,55.69,80.62,67.71,18.6114,73.69,57.23,44.13,52.54
7/15/2016,55.7,80.98,69.23,19.0986,74.08,58.69,45.01,52
7/22/2016,55.5,81.6,68.32,19.2286,74.99,58.29,45.83,52.76
7/29/2016,54.7,81.62,67.38,19.2042,75.2,58.04,46.45,52.12
8/5/2016,54.59,81.57,67.53,19.5047,75.25,58.31,47.05,50.73
8/12/2016,55.09,82,68.7,19.3747,74.78,58.56,47.11,50.9
8/19/2016,54.92,81.5,70.41,19.4965,74.36,59.02,47.02,50.27
8/26/2016,54.31,80.94,69.38,19.5777,73.07,58.66,47.05,49.15
9/2/2016,54.82,80.88,69.08,19.9513,72.65,58.93,47.35,49.63
9/9/2016,52.69,78.43,69.7,19.5209,71.51,57.12,46.16,48.46
9/16/2016,52.79,78.51,67.45,19.1799,72.11,56.61,47.21,49.26
9/23/2016,53.34,79.67,67.64,19.38,73.11,57.72,47.49,50.94
9/30/2016,53.21,80.04,70.61,19.3,72.11,58.38,47.78,48.99
10/7/2016,52.33,79.74,70.61,19.62,71.87,57.56,47.62,47.12
10/14/2016,52.37,78.89,69.8,19.42,69.62,57.23,47.37,47.75
10/21/2016,52.23,79.59,70.19,19.65,69.71,56.99,47.53,48
10/28/2016,52.67,78.04,69.37,19.77,67.78,57.1,47.44,48.46
11/4/2016,51.61,76.73,67.77,19.49,66.48,56.47,46.18,47.95
11/11/2016,50.54,79.72,69.46,21.67,70.49,61.05,46.73,46.03
11/18/2016,50.5,81.2,71.13,22.16,69.7,61.3,47.36,46.29
11/25/2016,51.22,82.98,72.72,22.41,69.48,62.71,48,47.16
12/2/2016,50.57,81.44,74.83,22.65,68.41,62.81,46.69,46.8
12/9/2016,52.04,84.31,76.6,23.75,68.85,63.98,48.65,47.96
12/16/2016,52.05,82.69,76.51,23.36,69.58,62.58,48.59,48.41
12/23/2016,52.06,82.45,76.35,23.58,69.46,62.99,48.97,48.61
12/30/2016,51.71,81.4,75.32,23.25,68.94,62.22,48.36,48.57
1/6/2017,52.12,83.32,75.89,23.54,70.95,63.14,49.4,48.83
1/13/2017,51.52,83.96,74.38,23.51,70.92,63.22,49.66,48.51
1/20/2017,52.58,83.93,74.54,23.15,69.84,63.44,49.8,48.64
1/27/2017,52.38,85.06,74.23,23.65,69.75,64.49,50.74,48.39
2/3/2017,53,84.49,73.4,23.72,71.42,63.62,50.69,48.9
2/10/2017,53.62,85.73,73.28,23.78,71.86,64.73,51.32,49.29
2/17/2017,54.46,86.61,71.97,24.47,73.66,65.89,52.19,49.57
2/24/2017,55.28,86.92,70.99,24.42,74.78,65.89,52.63,51.59
3/3/2017,55.14,87,71.99,24.97,75.8,66.32,52.86,51.52
3/10/2017,55.05,86.85,70.01,24.79,75.98,65.84,53.11,50.96
3/17/2017,54.98,87.36,69.8,24.45,75.16,65.68,53.34,51.23
3/24/2017,54.7,86.56,68.56,23.54,74.29,64.53,52.84,51.89
3/31/2017,54.58,87.95,69.9,23.73,74.36,65.06,53.31,51.31
4/7/2017,54.7,87.26,70.36,23.52,74.41,65.13,53.06,51.4
4/14/2017,54.84,86.55,69.31,22.9,73.98,64.02,52.37,51.68
4/21/2017,55,88.25,67.79,23.16,73.68,65.41,53.17,51.73
4/28/2017,55.18,90.06,67.84,23.53,75.5,66.34,54.38,51.7
5/5/2017,55.22,90.17,67.31,23.84,75.97,66.92,54.97,51.73
5/12/2017,54.96,89.88,67.75,23.56,75.28,66.3,55.56,51.73
5/19/2017,55.35,89.25,68.08,23.35,75.03,66.16,55.24,52.08
5/26/2017,56.5,90.74,66.61,23.61,75.89,67.41,56.38,53.4
6/2/2017,57.27,92.24,65.09,23.45,77.42,68.21,57.19,54.28
6/9/2017,56.67,90.37,66.42,24.29,77.52,67.91,56.02,53.67
6/16/2017,55.95,90.15,66.3,24.29,77.69,68.68,55.25,54.11
6/23/2017,55.49,89.52,64.38,23.89,80.47,68.01,56.3,53.21
6/30/2017,54.94,89.63,64.92,24.67,79.24,68.11,54.72,51.96
7/7/2017,54.51,89.2,64.01,25.05,79.22,68.66,55.01,51.49
7/14/2017,54.72,90.19,65.4,24.92,80.13,69.43,56.86,51.92
7/21/2017,55.08,91.13,65.11,24.8,80.99,68.78,57.47,53.29
7/28/2017,55.34,91.39,66.47,24.91,79.96,68.4,57.44,53.04
8/4/2017,55.02,91.03,65.64,25.39,79.48,68.88,57.61,53.78
8/11/2017,55.12,89.86,63.94,24.73,78.6,67.86,57.1,53.74
8/18/2017,55.2,88.25,62.32,24.62,78,67.15,57.07,54.5
8/25/2017,54.67,88.63,63,24.81,78.95,67.5,57.7,55.14
9/1/2017,54.97,90.07,63.58,24.77,81.23,68.52,58.78,54.8
9/8/2017,55.09,89.17,64.4,24.1,82.54,68.27,58.03,55.36
9/15/2017,55.22,89.63,65.84,24.77,82.59,69.39,58.74,54.75
9/22/2017,53.92,89.54,67.2,25.43,81.58,70.75,58.52,53.23
9/29/2017,53.98,90.08,68.48,25.86,81.73,71,59.1,53.05
10/6/2017,53.81,91.72,68.07,26.35,82.89,71.94,59.95,53.43
10/13/2017,54.57,91.22,68.14,26.13,82.42,72.06,60.5,54.15
10/20/2017,53.9,91.36,67.77,26.64,83.88,72.96,61.1,54.86
10/27/2017,53.1,92.4,67.34,26.78,82.14,72.32,62.54,55.05
11/3/2017,53.14,91.7,68.68,26.78,81.61,71.83,63.49,55.21
11/10/2017,54.28,92.37,69.66,26.08,81.2,71.06,63.5,55.51
11/17/2017,54.76,93.54,67.43,26.16,81.24,70.5,63.35,55.81
11/24/2017,54.77,94.63,67.88,26.22,81.77,71.41,64.5,55.88
12/1/2017,56.19,96.61,69.68,27.58,83.3,73.59,63.51,56.41
12/8/2017,56.59,97.25,69.28,28.01,83.01,74.69,63.6,55.87
12/15/2017,56.88,97.97,68.72,27.81,83.71,74.52,64.56,55.02
12/22/2017,56.87,98.98,71.97,28.05,82.91,75.4,64.54,52.45
12/29/2017,56.89,98.69,72.26,27.91,82.68,75.67,63.95,52.68
1/5/2018,56.93,101.78,74.97,28.41,85.25,77.62,66.3,51.33
1/12/2018,56.65,105.03,77.42,29.23,86.82,80.17,66.81,50.26
1/19/2018,58.03,105.6,76.38,29.54,88.44,79.69,67.8,49.99
1/26/2018,58.71,109,77.51,30.17,91.54,80.66,69.19,51.04
2/2/2018,56.47,105.59,72.46,29.36,86.89,77.99,66.48,49.88
2/9/2018,53.71,100.83,66.67,27.68,82.1,73.81,63.53,48.56
2/16/2018,55.6,104.79,68.12,28.98,85.41,77.29,67.18,50.12
2/23/2018,54.35,105.91,68.8,29.12,85.33,77.68,68.29,50.35
3/2/2018,53.74,103.05,66.95,28.44,83.64,75.13,67.68,48.94
3/9/2018,54.6,106.24,68.45,29.7,86.51,78.45,70.51,49.4
3/16/2018,53.25,105.18,67.31,28.87,85.39,76.58,69.61,50.25
3/23/2018,50.86,100.18,66.77,26.82,79.67,72.74,64.28,49.06
3/30/2018,52.63,101.29,67.41,27.57,81.4,74.29,65.42,50.53
4/6/2018,52.42,100.68,67.35,27.17,79.88,72.77,64.05,50.42
4/13/2018,52.59,101.22,71.41,27.46,81.87,73.99,66.32,49.79
4/20/2018,50.49,102.98,73.3,27.88,82.09,75.6,66.21,50.3
4/27/2018,50.77,104.11,73.82,27.7,83.54,73.19,65.89,51.71
5/4/2018,49.69,104.02,73.85,27.27,81,72.26,67.62,51.51
5/11/2018,49.54,104.89,76.73,28.26,83.03,74.71,69.88,50.38
5/18/2018,49.54,104.87,78.11,27.95,83.2,75.33,68.87,48.99
5/25/2018,49.88,106.13,74.58,27.85,82.94,75.69,69.75,50.5
6/1/2018,49.66,106.54,76.38,27.48,83.36,75.26,71.09,50.21
6/8/2018,50.83,109.92,76.9,28.08,85.04,76.44,71.68,48.69
6/15/2018,51.54,112.11,74.17,27.47,85.46,75.12,71.72,49.54
6/22/2018,51.63,111.32,75.15,27.07,84.93,72.61,70.8,50.75
6/29/2018,51.53,109.3,75.94,26.59,83.46,71.63,69.47,51.96
7/6/2018,52.22,110.3,75.67,26.67,86.01,72.16,71.06,53.17
7/13/2018,52.74,112.59,76.26,26.98,87.4,73.75,72.54,52.54
7/20/2018,52.86,112.15,74.89,27.56,86.76,74.44,72.55,52.29
7/27/2018,53.38,111.64,76.63,28.13,87.96,76.01,71.85,52.64
8/3/2018,54.29,111.86,75.24,28.12,89.81,75.85,72.72,53.3
8/10/2018,53.24,112.72,75.29,27.97,89.63,75.07,73.03,52.99
8/17/2018,55.02,112.51,72.61,28.17,91.09,76.28,73.15,54.52
8/24/2018,54.06,114.89,74.54,28.24,91.89,76.72,74.28,53.73
8/31/2018,53.78,116.95,74.44,28.33,92.78,77.1,75.6,53.47
9/7/2018,54.37,115.58,72.8,28.33,92.55,77.59,73.58,54.1
9/14/2018,54.76,116.92,74.26,28.23,93.53,79.07,74.94,54.3
9/21/2018,55.02,116.92,75.1,28.74,94.27,80,74.61,53.06
9/28/2018,53.93,117.22,75.74,27.58,95.15,78.4,75.33,52.65
10/5/2018,53.44,112.24,77.16,28,94.29,78.93,73.62,53.63
10/12/2018,52.38,108.48,73,26.43,91.07,73.9,70.83,52.95
10/19/2018,54.69,106.34,71.53,26.67,91.51,73.18,70.01,54.57
10/26/2018,53.83,103.41,66.48,25.26,87.42,69.1,68.09,53.37
11/2/2018,55.11,107.97,67.56,26.38,89.26,70.99,68.74,53.15
11/9/2018,56.82,110.02,68.5,27.12,92.95,72.42,69.84,54.87
11/16/2018,56.06,106.37,67.18,26.79,92.04,71.99,68.21,54.88
11/23/2018,54.79,102.02,63.91,26,89.64,69.73,64.08,54.11
11/30/2018,56.26,107.99,66.11,26.97,95.87,72.54,67.94,55.59
12/7/2018,54.72,103.37,64.07,25.11,90.56,68.03,64.6,56.46
12/14/2018,54.5,102.33,62.09,24.24,88.96,67.05,64.57,56.82
12/21/2018,50.18,93.76,56.11,22.79,82.68,62.25,59.2,53.81
12/28/2018,50.57,97.96,57.05,23.59,85.25,63.77,61.4,52.83
